step,progress/step,optim/lr,time/sample,reward/mean,groups/all_right_frac,groups/all_wrong_frac,groups/trained_frac,sample/parse_fail_frac,sample/mean_tokens,time/train,time/step,screenspot/desktop-icon,screenspot/desktop-text,screenspot/mobile-icon,screenspot/mobile-text,screenspot/web-icon,screenspot/web-text,screenspot/avg,screenspot/n,screenspot/parse_fail,time/eval
0,0,4e-05,8.446372,0.417969,0.03125,0.375,0.59375,0.003906,40.050781,46.99214,67.764923,,,,,,,,,,
1,1,4e-05,7.931395,0.4375,0.25,0.4375,0.3125,0.003906,38.84375,11.160398,22.706315,,,,,,,,,,
2,2,4e-05,9.023502,0.558594,0.21875,0.28125,0.5,0.0,40.535156,13.436164,29.984659,,,,,,,,,,
3,3,4e-05,9.337326,0.566406,0.3125,0.25,0.4375,0.0,40.652344,13.679423,25.563209,,,,,,,,,,
4,4,4e-05,10.607194,0.519531,0.4375,0.28125,0.28125,0.0,40.066406,10.142245,23.902283,,,,,,,,,,
5,5,4e-05,8.196902,0.558594,0.4375,0.375,0.1875,0.0,39.378906,8.221607,18.850973,,,,,,,,,,
6,6,4e-05,7.085107,0.425781,0.34375,0.53125,0.125,0.0,38.582031,6.704665,16.204072,,,,,,,,,,
7,7,4e-05,7.900663,0.5625,0.40625,0.34375,0.25,0.0,38.964844,10.400043,20.507,,,,,,,,,,
8,8,4e-05,7.777467,0.46875,0.40625,0.40625,0.1875,0.0,39.355469,9.727667,19.605788,,,,,,,,,,
9,9,4e-05,7.481289,0.671875,0.59375,0.25,0.15625,0.0,39.703125,5.839674,15.636781,,,,,,,,,,
10,10,4e-05,7.801105,0.527344,0.46875,0.4375,0.09375,0.0,40.53125,7.041078,88.2573,87.1,94.3,81.7,97.1,76.7,87.0,87.7,1272.0,0.0,64.312773
11,11,4e-05,7.598282,0.488281,0.375,0.40625,0.21875,0.0,39.328125,7.130918,16.916271,,,,,,,,,,
12,12,4e-05,7.697115,0.511719,0.5,0.4375,0.0625,0.0,38.132812,4.752546,14.73061,,,,,,,,,,
13,13,4e-05,9.223365,0.660156,0.5625,0.3125,0.125,0.0,36.875,6.066182,17.670915,,,,,,,,,,
14,14,4e-05,9.097249,0.539062,0.40625,0.375,0.21875,0.0,37.167969,9.375042,22.192223,,,,,,,,,,
15,15,4e-05,7.681057,0.5625,0.5625,0.4375,0.0,0.0,33.375,,10.555338,,,,,,,,,,
16,16,4e-05,7.544681,0.613281,0.53125,0.34375,0.125,0.0,32.894531,6.559094,16.683607,,,,,,,,,,
17,17,4e-05,7.365859,0.585938,0.5,0.375,0.125,0.0,33.71875,6.905566,16.356876,,,,,,,,,,
18,18,4e-05,7.726378,0.539062,0.46875,0.375,0.15625,0.0,33.121094,14.389949,24.208578,,,,,,,,,,
19,19,4e-05,7.139238,0.53125,0.46875,0.375,0.15625,0.0,30.445312,6.481136,16.550011,,,,,,,,,,
20,20,4e-05,5.902538,0.605469,0.53125,0.375,0.09375,0.0,29.089844,10.546704,109.843074,88.6,93.3,84.3,96.0,78.2,87.8,88.3,1272.0,0.0,84.85426
21,21,4e-05,7.680371,0.414062,0.40625,0.53125,0.0625,0.0,28.421875,6.398564,18.690377,,,,,,,,,,
22,22,4e-05,7.607992,0.582031,0.5,0.34375,0.15625,0.0,27.367188,6.745979,18.66741,,,,,,,,,,
23,23,4e-05,6.987081,0.636719,0.5625,0.34375,0.09375,0.0,28.460938,5.52823,14.670796,,,,,,,,,,
24,24,4e-05,7.984239,0.582031,0.53125,0.34375,0.125,0.0,29.109375,5.711239,15.76312,,,,,,,,,,
25,25,4e-05,7.707936,0.523438,0.4375,0.40625,0.15625,0.0,27.316406,6.602844,16.531939,,,,,,,,,,
26,26,4e-05,7.892408,0.515625,0.5,0.46875,0.03125,0.0,27.179688,3.949187,14.095738,,,,,,,,,,
27,27,4e-05,7.817665,0.550781,0.46875,0.34375,0.1875,0.0,26.902344,9.141347,19.214161,,,,,,,,,,
28,28,4e-05,7.632404,0.519531,0.40625,0.375,0.21875,0.0,26.554688,12.664373,22.54352,,,,,,,,,,
29,29,4e-05,7.290207,0.617188,0.59375,0.34375,0.0625,0.0,26.6875,4.551987,14.740026,,,,,,,,,,
30,30,4e-05,4.592569,0.503906,0.4375,0.46875,0.09375,0.0,26.550781,6.203522,74.641745,90.0,92.8,86.5,96.7,76.7,88.3,88.8,1272.0,0.0,56.361777
31,31,4e-05,7.828539,0.753906,0.6875,0.1875,0.125,0.0,26.449219,7.418707,19.197162,,,,,,,,,,
32,32,4e-05,7.293466,0.550781,0.5,0.40625,0.09375,0.0,26.5625,8.982557,22.833309,,,,,,,,,,
33,33,4e-05,7.239326,0.574219,0.5,0.375,0.125,0.0,26.5625,5.998078,15.696235,,,,,,,,,,
34,34,4e-05,8.2846,0.757812,0.71875,0.1875,0.09375,0.0,26.671875,5.349071,15.704928,,,,,,,,,,
35,35,4e-05,8.562187,0.523438,0.4375,0.375,0.1875,0.0,26.695312,11.929994,23.356061,,,,,,,,,,
36,36,4e-05,46.205258,0.5625,0.53125,0.40625,0.0625,0.0,26.765625,7.586447,56.039024,,,,,,,,,,
37,37,4e-05,8.217445,0.632812,0.5625,0.3125,0.125,0.0,26.707031,5.898825,20.779121,,,,,,,,,,
38,38,4e-05,8.051356,0.683594,0.5625,0.25,0.1875,0.0,26.527344,20.833278,31.022689,,,,,,,,,,
39,39,4e-05,9.309082,0.605469,0.53125,0.3125,0.15625,0.0,26.921875,7.142676,18.948652,,,,,,,,,,
40,40,4e-05,5.095686,0.394531,0.375,0.5625,0.0625,0.0,26.59375,4.974972,80.181115,87.9,93.3,86.0,96.7,78.6,89.6,89.1,1272.0,0.0,59.705764
41,41,4e-05,8.696043,0.667969,0.65625,0.3125,0.03125,0.0,26.6875,3.729977,14.577132,,,,,,,,,,
42,42,4e-05,7.458259,0.667969,0.59375,0.28125,0.125,0.0,26.777344,6.20232,15.909337,,,,,,,,,,
43,43,4e-05,7.561405,0.589844,0.5,0.34375,0.15625,0.0,26.652344,5.876405,15.873717,,,,,,,,,,
44,44,4e-05,7.461068,0.566406,0.5625,0.40625,0.03125,0.0,26.644531,4.164669,14.291721,,,,,,,,,,
45,45,4e-05,7.94009,0.566406,0.53125,0.375,0.09375,0.0,26.347656,5.030044,15.216262,,,,,,,,,,
46,46,4e-05,7.043404,0.617188,0.5625,0.34375,0.09375,0.0,26.652344,5.597364,15.128883,,,,,,,,,,
47,47,4e-05,7.662651,0.617188,0.59375,0.34375,0.0625,0.0,26.484375,4.251236,13.982286,,,,,,,,,,
48,48,4e-05,7.729674,0.53125,0.53125,0.46875,0.0,0.0,26.546875,,9.801357,,,,,,,,,,
49,49,4e-05,7.68875,0.746094,0.65625,0.21875,0.125,0.0,26.523438,5.514564,15.254475,,,,,,,,,,
50,,,,,,,,,,,,87.9,92.3,86.5,95.6,79.6,88.3,88.7,1272.0,0.0,
