step,epoch,progress,learning_rate,num_sequences,num_tokens,num_loss_tokens,train_mean_nll,train_mean_bpb,test/nll,test/bpb,screenspot/desktop-icon,screenspot/desktop-text,screenspot/mobile-icon,screenspot/mobile-text,screenspot/web-icon,screenspot/web-text,screenspot/avg,screenspot/n,screenspot/parse_fail,time/get_batch,time/run_evaluator:total,time/run_evaluator:count,time/run_evaluator:mean,time/run_evaluator:max,time/evals,time/infrequent_evals,time/submit_batch,time/step,time/finish_batch,time/run_evaluator,time/save_checkpoint_async,time/save_checkpoint
0,0,0.00463,0.000491,32,34375,533.0,1.252087,1.271829,1.229213,1.243346,82.1,95.4,80.3,97.4,71.8,86.1,86.2,1272.0,0.0,1.381546,111.223,2,55.6115,78.513503,32.70952,78.513527,112.605316,14.31184,14.316467,,,
1,0,0.009259,0.000488,32,34371,533.0,0.589292,0.598591,,,,,,,,,,,,1.091012,,,,,,,1.091752,5.341388,5.346075,,,
2,0,0.013889,0.000486,32,34388,531.0,0.572157,0.580531,,,,,,,,,,,,0.787934,,,,,,,0.788574,5.392827,5.397368,,,
3,0,0.018519,0.000484,32,34442,537.0,0.546589,0.556431,,,,,,,,,,,,0.543604,,,,,,,0.544286,6.892156,6.896587,,,
4,0,0.023148,0.000481,32,34552,531.0,0.52712,0.534837,,,,,,,,,,,,0.369192,,,,,,,0.369712,3.688741,3.69347,,,
5,0,0.027778,0.000479,32,34483,536.0,0.514813,0.523806,,,,,,,,,,,,0.188008,,,,,,,0.18867,5.648677,5.653146,,,
6,0,0.032407,0.000477,32,34186,527.0,0.565729,0.572729,,,,,,,,,,,,0.130326,,,,,,,0.130995,4.394041,4.398713,,,
7,0,0.037037,0.000475,32,34455,530.0,0.510637,0.517824,,,,,,,,,,,,0.1452,,,,,,,0.145761,5.393803,5.398467,,,
8,0,0.041667,0.000472,32,34452,534.0,0.544565,0.553462,,,,,,,,,,,,0.055191,,,,,,,0.055789,4.861195,4.865632,,,
9,0,0.046296,0.00047,32,34328,538.0,0.426935,0.434865,,,,,,,,,,,,0.124522,,,,,,,0.125152,5.665205,5.669711,,,
10,0,0.050926,0.000468,32,34517,534.0,0.48413,0.492037,,,,,,,,,,,,0.163169,,,,,,,0.163683,3.301668,3.30609,,,
11,0,0.055556,0.000466,32,34303,533.0,0.484008,0.491647,,,,,,,,,,,,0.122102,,,,,,,0.1226,6.477922,6.482374,,,
12,0,0.060185,0.000463,32,34394,528.0,0.518967,0.525682,,,,,,,,,,,,0.102832,,,,,,,0.103341,3.087923,3.092389,,,
13,0,0.064815,0.000461,32,34158,536.0,0.482201,0.490621,,,,,,,,,,,,0.097044,,,,,,,0.097545,6.252738,6.25724,,,
14,0,0.069444,0.000459,32,34390,533.0,0.454251,0.461361,,,,,,,,,,,,0.054616,,,,,,,0.055295,5.183565,5.188221,,,
15,0,0.074074,0.000456,32,34303,530.0,0.474714,0.481366,,,,,,,,,,,,0.05474,,,,,,,0.055539,3.561237,3.565982,,,
16,0,0.078704,0.000454,32,34508,535.0,0.495907,0.504283,,,,,,,,,,,,0.169183,,,,,,,0.169819,6.686667,6.691423,,,
17,0,0.083333,0.000452,32,34221,534.0,0.541531,0.550379,,,,,,,,,,,,0.054541,,,,,,,0.055167,3.225675,3.23024,,,
18,0,0.087963,0.00045,32,34242,537.0,0.510461,0.519647,,,,,,,,,,,,0.057583,,,,,,,0.058273,5.856435,5.861091,,,
19,0,0.092593,0.000447,32,34266,530.0,0.445936,0.452185,,,,,,,,,,,,0.052509,,,,,,,0.053133,4.419613,4.424148,,,
20,0,0.097222,0.000445,32,34396,538.0,0.485783,0.494806,,,,,,,,,,,,0.055231,,,,,,,0.055901,5.698215,5.702712,,,
21,0,0.101852,0.000443,32,34541,537.0,0.52072,0.530104,,,,,,,,,,,,0.053212,,,,,,,0.053703,4.018303,4.022808,,,
22,0,0.106481,0.000441,32,34344,535.0,0.458236,0.465979,,,,,,,,,,,,0.053986,,,,,,,0.05452,3.618562,3.623156,,,
23,0,0.111111,0.000438,32,34439,530.0,0.471599,0.47824,,,,,,,,,,,,0.113725,,,,,,,0.114199,6.740342,6.744947,,,
24,0,0.115741,0.000436,32,34275,535.0,0.466535,0.474426,,,,,,,,,,,,0.056072,,,,,,,0.056742,0.000781,0.006616,,,
25,0,0.12037,0.000434,32,34337,530.0,0.486222,0.493073,0.489018,0.494648,,,,,,,,,,0.053909,,,,,32.077553,,32.132124,9.172486,9.176889,32.077525,,
26,0,0.125,0.000431,32,34268,533.0,0.503479,0.511429,,,,,,,,,,,,0.054371,,,,,,,0.054863,3.771537,3.776033,,,
27,0,0.12963,0.000429,32,34340,533.0,0.514783,0.522907,,,,,,,,,,,,0.054984,,,,,,,0.055523,3.814636,3.819344,,,
28,0,0.134259,0.000427,32,34213,531.0,0.4787,0.485717,,,,,,,,,,,,0.054389,,,,,,,0.054885,3.36391,3.368572,,,
29,0,0.138889,0.000425,32,34424,536.0,0.469378,0.47758,,,,,,,,,,,,0.056955,,,,,,,0.057567,5.873755,5.87832,,,
30,0,0.143519,0.000422,32,34415,528.0,0.53599,0.542934,,,,,,,,,,,,0.055776,,,,,,,0.05645,3.830168,3.834829,,,
31,0,0.148148,0.00042,32,34170,525.0,0.459792,0.464955,,,,,,,,,,,,0.052559,,,,,,,0.053026,5.240692,5.24524,,,
32,0,0.152778,0.000418,32,34302,532.0,0.500569,0.508191,,,,,,,,,,,,0.056068,,,,,,,0.056694,4.774562,4.779155,,,
33,0,0.157407,0.000416,32,34347,529.0,0.489577,0.496198,,,,,,,,,,,,0.053885,,,,,,,0.054422,2.82249,2.827065,,,
34,0,0.162037,0.000413,32,34240,535.0,0.408758,0.415666,,,,,,,,,,,,0.0529,,,,,,,0.053578,6.466802,6.471405,,,
35,0,0.166667,0.000411,32,34297,526.0,0.466626,0.472127,,,,,,,,,,,,0.057191,,,,,,,0.05785,3.233486,3.238035,,,
36,0,0.171296,0.000409,32,34355,541.0,0.461015,0.470349,,,,,,,,,,,,0.056942,,,,,,,0.057656,6.521777,6.526482,,,
37,0,0.175926,0.000406,32,34384,532.0,0.439106,0.445784,,,,,,,,,,,,0.052946,,,,,,,0.053564,3.271557,3.276155,,,
38,0,0.180556,0.000404,32,34616,532.0,0.425696,0.432174,,,,,,,,,,,,0.053817,,,,,,,0.054504,5.347941,5.352737,,,
39,0,0.185185,0.000402,32,34222,534.0,0.435213,0.442321,,,,,,,,,,,,0.052977,,,,,,,0.053605,4.532069,4.536507,,,
40,0,0.189815,0.0004,32,34351,529.0,0.519521,0.526523,,,,,,,,,,,,0.052531,,,,,,,0.053226,3.281483,3.285905,,,
41,0,0.194444,0.000397,32,34297,534.0,0.43535,0.442464,,,,,,,,,,,,0.102413,,,,,,,0.102943,6.695581,6.700007,,,
42,0,0.199074,0.000395,32,34480,539.0,0.420317,0.428353,,,,,,,,,,,,0.054218,,,,,,,0.054714,2.807002,2.811455,,,
43,0,0.203704,0.000393,32,34226,534.0,0.448667,0.45597,,,,,,,,,,,,0.054524,,,,,,,0.055116,6.346454,6.350994,,,
44,0,0.208333,0.000391,32,34422,537.0,0.437289,0.445106,,,,,,,,,,,,0.055059,,,,,,,0.055591,4.438216,4.442864,,,
45,0,0.212963,0.000388,32,34376,526.0,0.479398,0.485018,,,,,,,,,,,,0.053417,,,,,,,0.053918,5.444239,5.448663,,,
46,0,0.217593,0.000386,32,34378,533.0,0.36897,0.374684,,,,,,,,,,,,0.057717,,,,,,,0.058415,4.021631,4.026274,,,
47,0,0.222222,0.000384,32,34553,531.0,0.428057,0.434308,,,,,,,,,,,,0.053309,,,,,,,0.053827,3.214535,3.219252,,,
48,0,0.226852,0.000382,32,34348,530.0,0.491185,0.498105,,,,,,,,,,,,0.055134,,,,,,,0.055796,5.840646,5.845097,,,
49,0,0.231481,0.000379,32,34402,535.0,0.422741,0.429892,,,,,,,,,,,,0.055612,,,,,,,0.056269,0.000935,0.00687,,,
50,0,0.236111,0.000377,32,34353,533.0,0.38811,0.39424,0.471924,0.47736,85.7,93.3,86.0,94.1,80.6,87.4,88.2,1272.0,0.0,0.053007,114.590181,2,57.29509,84.566414,30.023795,84.56644,114.643836,5.8e-05,19.999252,,19.994779,19.994787
51,0,0.240741,0.000375,32,34417,530.0,0.352418,0.357386,,,,,,,,,,,,0.057661,,,,,,,0.05819,0.000119,0.006927,,,
52,0,0.24537,0.000372,32,34496,532.0,0.479375,0.486676,,,,,,,,,,,,0.053588,,,,,,,0.054122,10.328208,10.332824,,,
53,0,0.25,0.00037,32,34350,534.0,0.400323,0.406871,,,,,,,,,,,,0.057091,,,,,,,0.057528,3.841265,3.845827,,,
54,0,0.25463,0.000368,32,34413,533.0,0.466802,0.474175,,,,,,,,,,,,0.054373,,,,,,,0.054981,4.881152,4.885526,,,
55,0,0.259259,0.000366,32,34270,530.0,0.471226,0.477869,,,,,,,,,,,,0.057087,,,,,,,0.057749,4.194559,4.199075,,,
56,0,0.263889,0.000363,32,34197,530.0,0.412219,0.41803,,,,,,,,,,,,0.054984,,,,,,,0.055506,7.038004,7.042537,,,
57,0,0.268519,0.000361,32,34310,532.0,0.409376,0.415611,,,,,,,,,,,,0.054519,,,,,,,0.05516,3.602782,3.607115,,,
58,0,0.273148,0.000359,32,34458,537.0,0.442249,0.450226,,,,,,,,,,,,0.05409,,,,,,,0.054718,6.156283,6.160707,,,
59,0,0.277778,0.000357,32,34576,535.0,0.471724,0.479705,,,,,,,,,,,,0.054274,,,,,,,0.05487,4.592545,4.59702,,,
60,0,0.282407,0.000354,32,34146,538.0,0.407764,0.415347,,,,,,,,,,,,0.05523,,,,,,,0.055761,5.053769,5.058201,,,
61,0,0.287037,0.000352,32,34450,532.0,0.433015,0.43961,,,,,,,,,,,,0.051967,,,,,,,0.052474,3.696806,3.701281,,,
62,0,0.291667,0.00035,32,34379,538.0,0.404208,0.411724,,,,,,,,,,,,0.057557,,,,,,,0.058178,6.260722,6.26546,,,
63,0,0.296296,0.000347,32,34260,535.0,0.426761,0.433982,,,,,,,,,,,,0.051703,,,,,,,0.052235,3.758608,3.763219,,,
64,0,0.300926,0.000345,32,34310,535.0,0.390166,0.396767,,,,,,,,,,,,0.053525,,,,,,,0.054024,7.203208,7.207805,,,
65,0,0.305556,0.000343,32,34517,530.0,0.458484,0.464947,,,,,,,,,,,,0.055277,,,,,,,0.055873,3.72583,3.730406,,,
66,0,0.310185,0.000341,32,34427,535.0,0.380289,0.386723,,,,,,,,,,,,0.057517,,,,,,,0.058134,6.418761,6.423343,,,
67,0,0.314815,0.000338,32,34355,532.0,0.383555,0.389396,,,,,,,,,,,,0.054688,,,,,,,0.05543,3.53575,3.540415,,,
68,0,0.319444,0.000336,32,34318,534.0,0.423193,0.430115,,,,,,,,,,,,0.053193,,,,,,,0.05385,6.35926,6.363886,,,
69,0,0.324074,0.000334,32,34352,531.0,0.475683,0.482658,,,,,,,,,,,,0.055941,,,,,,,0.056594,5.075477,5.079949,,,
70,0,0.328704,0.000332,32,34465,534.0,0.431272,0.438327,,,,,,,,,,,,0.053686,,,,,,,0.054327,6.5136,6.518223,,,
71,0,0.333333,0.000329,32,34317,532.0,0.439783,0.446481,,,,,,,,,,,,0.05443,,,,,,,0.054997,4.180789,4.185293,,,
72,0,0.337963,0.000327,32,34413,531.0,0.407761,0.41374,,,,,,,,,,,,0.05573,,,,,,,0.056366,6.341044,6.345681,,,
73,0,0.342593,0.000325,32,34496,535.0,0.41115,0.418107,,,,,,,,,,,,0.055631,,,,,,,0.056251,4.079114,4.083576,,,
74,0,0.347222,0.000322,32,34407,535.0,0.452239,0.45989,,,,,,,,,,,,0.052368,,,,,,,0.052984,0.000894,0.006506,,,
75,0,0.351852,0.00032,32,34341,535.0,0.429273,0.436536,0.439776,0.444842,,,,,,,,,,0.054208,,,,,32.15653,,32.211303,8.294406,8.298856,32.15651,,
76,0,0.356481,0.000318,32,34420,535.0,0.408183,0.415089,,,,,,,,,,,,0.052469,,,,,,,0.052978,3.894158,3.901578,,,
77,0,0.361111,0.000316,32,34271,533.0,0.392384,0.398581,,,,,,,,,,,,0.053024,,,,,,,0.053486,5.783833,5.788219,,,
78,0,0.365741,0.000313,32,34279,535.0,0.42428,0.431458,,,,,,,,,,,,0.063903,,,,,,,0.064367,3.860689,3.865056,,,
79,0,0.37037,0.000311,32,34227,535.0,0.405103,0.411957,,,,,,,,,,,,0.053565,,,,,,,0.054056,6.381351,6.385848,,,
80,0,0.375,0.000309,32,34421,533.0,0.45298,0.460134,,,,,,,,,,,,0.053776,,,,,,,0.054339,3.031619,3.036466,,,
81,0,0.37963,0.000307,32,34346,535.0,0.448315,0.4559,,,,,,,,,,,,0.054315,,,,,,,0.054829,7.933227,7.93788,,,
82,0,0.384259,0.000304,32,34322,533.0,0.450853,0.457973,,,,,,,,,,,,0.056429,,,,,,,0.056976,4.263498,4.267888,,,
83,0,0.388889,0.000302,32,34330,534.0,0.430873,0.437921,,,,,,,,,,,,0.055311,,,,,,,0.055948,5.105021,5.109687,,,
84,0,0.393519,0.0003,32,34462,533.0,0.459244,0.466498,,,,,,,,,,,,0.055191,,,,,,,0.055744,5.722984,5.7274,,,
85,0,0.398148,0.000297,32,34391,529.0,0.465316,0.47161,,,,,,,,,,,,0.05639,,,,,,,0.057069,4.732899,4.737425,,,
86,0,0.402778,0.000295,32,34248,531.0,0.472578,0.479507,,,,,,,,,,,,0.056185,,,,,,,0.056733,6.011267,6.015802,,,
87,0,0.407407,0.000293,32,34274,529.0,0.392873,0.398187,,,,,,,,,,,,0.054864,,,,,,,0.055541,5.60006,5.604386,,,
88,0,0.412037,0.000291,32,34425,527.0,0.396384,0.401293,,,,,,,,,,,,0.05543,,,,,,,0.056143,4.704885,4.709414,,,
89,0,0.416667,0.000288,32,34276,535.0,0.462131,0.46995,,,,,,,,,,,,0.053945,,,,,,,0.054423,6.162139,6.166608,,,
90,0,0.421296,0.000286,32,34346,529.0,0.383641,0.388831,,,,,,,,,,,,0.055199,,,,,,,0.055822,3.50865,3.513252,,,
91,0,0.425926,0.000284,32,34446,532.0,0.384231,0.390082,,,,,,,,,,,,0.055101,,,,,,,0.055724,6.100697,6.105364,,,
92,0,0.430556,0.000282,32,34496,528.0,0.406079,0.41134,,,,,,,,,,,,0.054383,,,,,,,0.05493,3.611393,3.615909,,,
93,0,0.435185,0.000279,32,34275,533.0,0.380292,0.386298,,,,,,,,,,,,0.056616,,,,,,,0.057336,6.212261,6.216912,,,
94,0,0.439815,0.000277,32,34380,533.0,0.420544,0.427186,,,,,,,,,,,,0.052399,,,,,,,0.053007,4.463787,4.468646,,,
95,0,0.444444,0.000275,32,34375,537.0,0.394682,0.401802,,,,,,,,,,,,0.05375,,,,,,,0.054385,2.887849,2.892519,,,
96,0,0.449074,0.000273,32,34240,539.0,0.480025,0.489218,,,,,,,,,,,,0.053506,,,,,,,0.053994,5.887263,5.891894,,,
97,0,0.453704,0.00027,32,34305,527.0,0.471051,0.476884,,,,,,,,,,,,0.055182,,,,,,,0.055842,6.296094,6.300669,,,
98,0,0.458333,0.000268,32,34249,531.0,0.427425,0.433692,,,,,,,,,,,,0.053979,,,,,,,0.05461,3.040426,3.044965,,,
99,0,0.462963,0.000266,32,34365,538.0,0.331192,0.337351,,,,,,,,,,,,0.0542,,,,,,,0.054847,0.000471,0.006645,,,
100,0,0.467593,0.000263,32,34544,533.0,0.368889,0.374715,0.454208,0.45944,80.7,93.3,82.5,94.9,74.3,83.0,85.4,1272.0,0.0,0.054333,113.671482,2,56.835741,82.849474,30.822035,82.849497,113.726511,6.3e-05,20.400008,,20.395315,20.395327
101,0,0.472222,0.000261,32,34332,530.0,0.391196,0.39671,,,,,,,,,,,,0.054208,,,,,,,0.054662,0.000744,0.007294,,,
102,0,0.476852,0.000259,32,34243,533.0,0.371072,0.376932,,,,,,,,,,,,0.056214,,,,,,,0.056829,8.978592,8.982912,,,
103,0,0.481481,0.000257,32,34265,536.0,0.40631,0.413413,,,,,,,,,,,,0.056167,,,,,,,0.056766,3.620794,3.625291,,,
104,0,0.486111,0.000254,32,34444,536.0,0.380739,0.387394,,,,,,,,,,,,0.055027,,,,,,,0.055527,5.556448,5.560876,,,
105,0,0.490741,0.000252,32,34438,530.0,0.411613,0.417415,,,,,,,,,,,,0.05605,,,,,,,0.056745,4.113762,4.118151,,,
106,0,0.49537,0.00025,32,34358,534.0,0.435076,0.442193,,,,,,,,,,,,0.055471,,,,,,,0.056009,6.297082,6.301612,,,
107,0,0.5,0.000248,32,34388,533.0,0.351667,0.357221,,,,,,,,,,,,0.052124,,,,,,,0.052625,3.417861,3.42221,,,
108,0,0.50463,0.000245,32,34492,531.0,0.342282,0.347301,,,,,,,,,,,,0.053422,,,,,,,0.054021,6.379107,6.383483,,,
109,0,0.509259,0.000243,32,34561,537.0,0.369785,0.376455,,,,,,,,,,,,0.054466,,,,,,,0.054931,3.651803,3.656412,,,
110,0,0.513889,0.000241,32,34326,531.0,0.4115,0.417534,,,,,,,,,,,,0.057088,,,,,,,0.057656,6.762209,6.766834,,,
111,0,0.518519,0.000238,32,34144,533.0,0.406758,0.413183,,,,,,,,,,,,0.054438,,,,,,,0.055086,3.65393,3.658384,,,
112,0,0.523148,0.000236,32,34475,535.0,0.399504,0.406263,,,,,,,,,,,,0.055377,,,,,,,0.056027,6.558785,6.56348,,,
113,0,0.527778,0.000234,32,34395,534.0,0.374291,0.380413,,,,,,,,,,,,0.053363,,,,,,,0.054024,5.929244,5.933649,,,
114,0,0.532407,0.000232,32,34462,537.0,0.410917,0.41833,,,,,,,,,,,,0.055686,,,,,,,0.056385,2.78796,2.792623,,,
115,0,0.537037,0.000229,32,34610,536.0,0.377891,0.384496,,,,,,,,,,,,0.05713,,,,,,,0.057669,7.018631,7.023263,,,
116,0,0.541667,0.000227,32,34494,538.0,0.357726,0.364378,,,,,,,,,,,,0.055144,,,,,,,0.055816,3.913565,3.918107,,,
117,0,0.546296,0.000225,32,34266,534.0,0.360479,0.366376,,,,,,,,,,,,0.054119,,,,,,,0.054779,5.498006,5.502632,,,
118,0,0.550926,0.000223,32,34330,527.0,0.404615,0.409626,,,,,,,,,,,,0.053774,,,,,,,0.054301,3.727434,3.731848,,,
119,0,0.555556,0.00022,32,34596,527.0,0.363311,0.36781,,,,,,,,,,,,0.052599,,,,,,,0.053245,9.051516,9.056016,,,
120,0,0.560185,0.000218,32,34408,536.0,0.362812,0.369154,,,,,,,,,,,,0.053759,,,,,,,0.054437,2.984248,2.988585,,,
121,0,0.564815,0.000216,32,34335,536.0,0.316877,0.322416,,,,,,,,,,,,0.053492,,,,,,,0.054027,7.746528,7.750975,,,
122,0,0.569444,0.000213,32,34387,539.0,0.415375,0.42333,,,,,,,,,,,,0.053416,,,,,,,0.053903,4.758188,4.762788,,,
123,0,0.574074,0.000211,32,34227,538.0,0.318209,0.324126,,,,,,,,,,,,0.053552,,,,,,,0.054259,6.187677,6.192079,,,
124,0,0.578704,0.000209,32,34483,530.0,0.400987,0.406639,,,,,,,,,,,,0.054199,,,,,,,0.054889,0.001997,0.006841,,,
125,0,0.583333,0.000207,32,34431,529.0,0.38703,0.392265,0.458852,0.464138,,,,,,,,,,0.054964,,,,,48.90827,,48.963885,16.064285,16.068902,48.908242,,
126,0,0.587963,0.000204,32,34463,525.0,0.389722,0.3941,,,,,,,,,,,,0.052418,,,,,,,0.053081,6.947681,6.952242,,,
127,0,0.592593,0.000202,32,34363,535.0,0.335756,0.341436,,,,,,,,,,,,0.054701,,,,,,,0.055442,2.87,2.874395,,,
100,0,0.467593,0.000263,32,34544,533.0,0.306674,0.311517,0.452375,0.457586,80.0,93.8,83.0,96.0,74.8,84.8,86.1,1272.0,0.0,1.354908,106.162168,2,53.081084,71.068155,35.094036,71.068195,107.518238,0.000301,22.656593,,22.636177,22.636208
101,0,0.472222,0.000261,32,34332,530.0,0.314282,0.318712,,,,,,,,,,,,0.865509,,,,,,,0.866038,0.000586,0.006077,,,
102,0,0.476852,0.000259,32,34243,533.0,0.367017,0.372813,,,,,,,,,,,,0.526293,,,,,,,0.526859,11.307857,11.334103,,,
103,0,0.481481,0.000257,32,34265,536.0,0.411722,0.418918,,,,,,,,,,,,0.415613,,,,,,,0.416101,3.553069,3.573339,,,
104,0,0.486111,0.000254,32,34444,536.0,0.376113,0.382687,,,,,,,,,,,,0.300549,,,,,,,0.301063,16.211988,16.2293,,,
105,0,0.490741,0.000252,32,34438,530.0,0.403011,0.408692,,,,,,,,,,,,0.238094,,,,,,,0.238621,3.02433,3.05038,,,
106,0,0.49537,0.00025,32,34358,534.0,0.462536,0.470102,,,,,,,,,,,,0.357775,,,,,,,0.358321,11.363971,11.387226,,,
107,0,0.5,0.000248,32,34388,533.0,0.369105,0.374935,,,,,,,,,,,,0.122899,,,,,,,0.123459,9.192007,9.215204,,,
108,0,0.50463,0.000245,32,34492,531.0,0.365682,0.371044,,,,,,,,,,,,0.18724,,,,,,,0.187759,7.605584,7.620855,,,
109,0,0.509259,0.000243,32,34561,537.0,0.382877,0.389783,,,,,,,,,,,,0.137247,,,,,,,0.137803,3.311599,3.332853,,,
110,0,0.513889,0.000241,32,34326,531.0,0.393718,0.399491,,,,,,,,,,,,0.068529,,,,,,,0.068928,6.086227,6.10502,,,
111,0,0.518519,0.000238,32,34144,533.0,0.388663,0.394801,,,,,,,,,,,,0.076164,,,,,,,0.076649,3.282002,3.303745,,,
112,0,0.523148,0.000236,32,34475,535.0,0.410548,0.417494,,,,,,,,,,,,0.075517,,,,,,,0.076023,5.391128,5.412098,,,
113,0,0.527778,0.000234,32,34395,534.0,0.383922,0.390202,,,,,,,,,,,,0.152374,,,,,,,0.152899,3.572754,3.591024,,,
114,0,0.532407,0.000232,32,34462,537.0,0.410651,0.418059,,,,,,,,,,,,0.178012,,,,,,,0.17853,6.938056,6.960661,,,
115,0,0.537037,0.000229,32,34610,536.0,0.386226,0.392977,,,,,,,,,,,,0.138412,,,,,,,0.138932,6.577358,6.602427,,,
116,0,0.541667,0.000227,32,34494,538.0,0.367996,0.374839,,,,,,,,,,,,0.071824,,,,,,,0.072244,4.824287,4.845376,,,
117,0,0.546296,0.000225,32,34266,534.0,0.38405,0.390332,,,,,,,,,,,,0.077063,,,,,,,0.07758,4.237977,4.254693,,,
118,0,0.550926,0.000223,32,34330,527.0,0.401942,0.406919,,,,,,,,,,,,0.129723,,,,,,,0.130283,8.632244,8.652269,,,
119,0,0.555556,0.00022,32,34596,527.0,0.373972,0.378603,,,,,,,,,,,,0.078979,,,,,,,0.079515,8.694936,8.716551,,,
120,0,0.560185,0.000218,32,34408,536.0,0.377002,0.383591,,,,,,,,,,,,0.073353,,,,,,,0.073781,3.560017,3.580497,,,
121,0,0.564815,0.000216,32,34335,536.0,0.324749,0.330425,,,,,,,,,,,,0.073227,,,,,,,0.073706,6.028122,6.055403,,,
122,0,0.569444,0.000213,32,34387,539.0,0.427387,0.435572,,,,,,,,,,,,0.107836,,,,,,,0.108359,7.573486,7.596291,,,
123,0,0.574074,0.000211,32,34227,538.0,0.319299,0.325235,,,,,,,,,,,,0.072872,,,,,,,0.073362,5.975609,5.999012,,,
124,0,0.578704,0.000209,32,34483,530.0,0.430271,0.436336,,,,,,,,,,,,0.071413,,,,,,,0.071907,0.000756,0.005399,,,
125,0,0.583333,0.000207,32,34431,529.0,0.416864,0.422503,0.454199,0.459431,,,,,,,,,,0.073838,,,,,43.891954,,43.966326,9.696655,9.713381,43.891933,,
126,0,0.587963,0.000204,32,34463,525.0,0.393834,0.398258,,,,,,,,,,,,0.045694,,,,,,,0.046077,7.311423,7.330833,,,
127,0,0.592593,0.000202,32,34363,535.0,0.3669,0.373107,,,,,,,,,,,,0.070498,,,,,,,0.070964,9.185737,9.207489,,,
128,0,0.597222,0.0002,32,34262,533.0,0.361222,0.366927,,,,,,,,,,,,0.075127,,,,,,,0.075659,9.221623,9.237726,,,
129,0,0.601852,0.000198,32,34368,536.0,0.343728,0.349736,,,,,,,,,,,,0.074778,,,,,,,0.075496,7.994028,8.014006,,,
130,0,0.606481,0.000195,32,34378,532.0,0.408051,0.414264,,,,,,,,,,,,0.068871,,,,,,,0.069262,9.844584,9.861855,,,
131,0,0.611111,0.000193,32,34187,528.0,0.398466,0.403627,,,,,,,,,,,,0.096655,,,,,,,0.097174,15.710218,15.726831,,,
132,0,0.615741,0.000191,32,34403,526.0,0.390002,0.394607,,,,,,,,,,,,0.076308,,,,,,,0.077079,10.867601,10.875272,,,
133,0,0.62037,0.000188,32,34417,535.0,0.363372,0.369519,,,,,,,,,,,,0.072014,,,,,,,0.072408,9.116374,9.135162,,,
134,0,0.625,0.000186,32,34221,535.0,0.352733,0.358701,,,,,,,,,,,,0.054801,,,,,,,0.055222,2.13431,2.161237,,,
135,0,0.62963,0.000184,32,34398,536.0,0.350577,0.356704,,,,,,,,,,,,0.070766,,,,,,,0.071199,11.029822,11.047627,,,
136,0,0.634259,0.000182,32,34283,531.0,0.375284,0.380787,,,,,,,,,,,,0.07438,,,,,,,0.074752,3.644679,3.660193,,,
137,0,0.638889,0.000179,32,34357,535.0,0.424032,0.431206,,,,,,,,,,,,0.071921,,,,,,,0.072333,5.544181,5.563739,,,
138,0,0.643519,0.000177,32,34378,534.0,0.368185,0.374206,,,,,,,,,,,,0.069905,,,,,,,0.070329,3.484296,3.503676,,,
139,0,0.648148,0.000175,32,34228,536.0,0.387339,0.394108,,,,,,,,,,,,0.069984,,,,,,,0.070387,17.338319,17.359732,,,
140,0,0.652778,0.000173,32,34138,529.0,0.383894,0.389086,,,,,,,,,,,,0.073115,,,,,,,0.07363,141.60061,141.617744,,,
141,0,0.657407,0.00017,32,34455,532.0,0.380871,0.386672,,,,,,,,,,,,0.071681,,,,,,,0.072103,3.151082,3.173084,,,
142,0,0.662037,0.000168,32,34506,533.0,0.404825,0.411219,,,,,,,,,,,,0.079126,,,,,,,0.079611,8.496732,8.51792,,,
143,0,0.666667,0.000166,32,34280,533.0,0.337751,0.343086,,,,,,,,,,,,0.074324,,,,,,,0.074871,3.697399,3.720156,,,
144,0,0.671296,0.000164,32,34202,529.0,0.332683,0.337183,,,,,,,,,,,,0.073172,,,,,,,0.07367,4.019768,4.029853,,,
145,0,0.675926,0.000161,32,34285,532.0,0.322201,0.327108,,,,,,,,,,,,0.073741,,,,,,,0.074244,4.388126,4.405666,,,
146,0,0.680556,0.000159,32,34358,532.0,0.32758,0.332568,,,,,,,,,,,,0.066646,,,,,,,0.06704,3.977397,4.001404,,,
147,0,0.685185,0.000157,32,34431,528.0,0.337712,0.342088,,,,,,,,,,,,0.071659,,,,,,,0.072191,4.629371,4.64531,,,
148,0,0.689815,0.000154,32,34443,532.0,0.365113,0.370674,,,,,,,,,,,,0.073425,,,,,,,0.07394,4.18484,4.207096,,,
149,0,0.694444,0.000152,32,34477,535.0,0.336723,0.34242,,,,,,,,,,,,0.071352,,,,,,,0.071766,0.006925,0.019238,,,
150,0,0.699074,0.00015,32,34375,538.0,0.327412,0.333501,0.449253,0.454429,84.3,94.3,85.2,94.5,80.6,86.1,87.9,1272.0,0.0,0.075622,118.690707,2,59.345354,74.624339,44.066391,74.624378,118.767632,0.000632,18.860238,,18.838997,18.839028
151,0,0.703704,0.000148,32,34237,530.0,0.335201,0.339926,,,,,,,,,,,,0.047967,,,,,,,0.048426,0.001222,0.005194,,,
152,0,0.708333,0.000145,32,34484,535.0,0.344909,0.350745,,,,,,,,,,,,0.071586,,,,,,,0.072067,8.585561,8.605439,,,
153,0,0.712963,0.000143,32,34332,533.0,0.377774,0.383741,,,,,,,,,,,,0.046415,,,,,,,0.046777,3.100604,3.122042,,,
154,0,0.717593,0.000141,32,34258,535.0,0.340508,0.346269,,,,,,,,,,,,0.07124,,,,,,,0.071707,5.811492,5.832738,,,
155,0,0.722222,0.000139,32,34386,528.0,0.432103,0.437701,,,,,,,,,,,,0.075389,,,,,,,0.07588,3.411125,3.433981,,,
156,0,0.726852,0.000136,32,34432,537.0,0.307247,0.312789,,,,,,,,,,,,0.074083,,,,,,,0.07459,5.568597,5.589536,,,
157,0,0.731481,0.000134,32,34497,537.0,0.299512,0.304915,,,,,,,,,,,,0.072599,,,,,,,0.073093,4.777813,4.799571,,,
158,0,0.736111,0.000132,32,34374,537.0,0.336933,0.343011,,,,,,,,,,,,0.074672,,,,,,,0.075171,3.684177,3.704511,,,
159,0,0.740741,0.000129,32,34458,537.0,0.314261,0.319929,,,,,,,,,,,,0.075335,,,,,,,0.075854,6.080162,6.103689,,,
160,0,0.74537,0.000127,32,34314,531.0,0.303764,0.308218,,,,,,,,,,,,0.072562,,,,,,,0.073065,5.130584,5.151534,,,
161,0,0.75,0.000125,32,34398,529.0,0.343653,0.348301,,,,,,,,,,,,0.075189,,,,,,,0.075682,5.35075,5.370811,,,
162,0,0.75463,0.000123,32,34305,529.0,0.306767,0.310916,,,,,,,,,,,,0.076423,,,,,,,0.076938,3.307824,3.324927,,,
163,0,0.759259,0.00012,32,34089,535.0,0.298107,0.30315,,,,,,,,,,,,0.072803,,,,,,,0.073305,7.121433,7.141367,,,
164,0,0.763889,0.000118,32,34084,533.0,0.344135,0.349571,,,,,,,,,,,,0.067439,,,,,,,0.06786,6.972077,6.995514,,,
165,0,0.768519,0.000116,32,34332,533.0,0.343618,0.349046,,,,,,,,,,,,0.071833,,,,,,,0.072406,3.348522,3.370795,,,
166,0,0.773148,0.000114,32,34336,534.0,0.324296,0.329601,,,,,,,,,,,,0.073946,,,,,,,0.074705,7.734771,7.75448,,,
167,0,0.777778,0.000111,32,34193,527.0,0.334692,0.338837,,,,,,,,,,,,0.071673,,,,,,,0.072097,7.518441,7.541324,,,
168,0,0.782407,0.000109,32,34327,532.0,0.324091,0.329027,,,,,,,,,,,,0.131096,,,,,,,0.131646,7.242649,7.258073,,,
169,0,0.787037,0.000107,32,34326,531.0,0.287436,0.291651,,,,,,,,,,,,0.072003,,,,,,,0.072425,5.9159,5.936159,,,
170,0,0.791667,0.000104,32,34276,529.0,0.357172,0.362003,,,,,,,,,,,,0.071793,,,,,,,0.072216,9.750308,9.773946,,,
171,0,0.796296,0.000102,32,34303,527.0,0.332888,0.33701,,,,,,,,,,,,0.074491,,,,,,,0.07505,4.618089,4.639359,,,
172,0,0.800926,0.0001,32,34334,528.0,0.337381,0.341752,,,,,,,,,,,,0.070276,,,,,,,0.07071,3.149328,3.171094,,,
173,0,0.805556,9.8e-05,32,34461,533.0,0.327664,0.33284,,,,,,,,,,,,0.073306,,,,,,,0.073795,9.417353,9.440257,,,
174,0,0.810185,9.5e-05,32,34232,536.0,0.313999,0.319488,,,,,,,,,,,,0.073842,,,,,,,0.074267,0.000656,0.005163,,,
175,0,0.814815,9.3e-05,32,34304,539.0,0.360646,0.367553,0.448895,0.454066,,,,,,,,,,0.074515,,,,,41.416157,,41.491246,12.371684,12.393314,41.416136,,
176,0,0.819444,9.1e-05,32,34297,539.0,0.335637,0.342065,,,,,,,,,,,,0.048934,,,,,,,0.049399,5.553361,5.577205,,,
177,0,0.824074,8.9e-05,32,34437,533.0,0.290621,0.295211,,,,,,,,,,,,0.074993,,,,,,,0.075483,10.918959,10.938947,,,
178,0,0.828704,8.6e-05,32,34251,534.0,0.314167,0.319306,,,,,,,,,,,,0.073843,,,,,,,0.074374,3.856796,3.876892,,,
179,0,0.833333,8.4e-05,32,34428,536.0,0.284136,0.289102,,,,,,,,,,,,0.073617,,,,,,,0.074128,5.714535,5.734534,,,
180,0,0.837963,8.2e-05,32,34286,531.0,0.334288,0.339189,,,,,,,,,,,,0.070493,,,,,,,0.07094,3.577675,3.592948,,,
181,0,0.842593,7.9e-05,32,34344,528.0,0.356636,0.361256,,,,,,,,,,,,0.073167,,,,,,,0.073692,5.521688,5.543418,,,
182,0,0.847222,7.7e-05,32,34283,538.0,0.321019,0.326988,,,,,,,,,,,,0.084923,,,,,,,0.085474,3.504127,3.524971,,,
183,0,0.851852,7.5e-05,32,34422,535.0,0.307406,0.312607,,,,,,,,,,,,0.074555,,,,,,,0.076308,6.145187,6.164576,,,
184,0,0.856481,7.3e-05,32,34426,534.0,0.324524,0.329832,,,,,,,,,,,,0.073736,,,,,,,0.074227,4.076368,4.100186,,,
185,0,0.861111,7e-05,32,34273,532.0,0.323677,0.328606,,,,,,,,,,,,0.072886,,,,,,,0.073337,9.470109,9.492685,,,
186,0,0.865741,6.8e-05,32,34237,532.0,0.336622,0.341748,,,,,,,,,,,,0.075712,,,,,,,0.076347,8.048071,8.067288,,,
187,0,0.87037,6.6e-05,32,34396,534.0,0.347485,0.353169,,,,,,,,,,,,0.077737,,,,,,,0.078268,7.441838,7.461424,,,
188,0,0.875,6.4e-05,32,34295,531.0,0.290167,0.294422,,,,,,,,,,,,0.073879,,,,,,,0.074372,8.691533,8.711651,,,
189,0,0.87963,6.1e-05,32,34218,530.0,0.478011,0.484749,,,,,,,,,,,,0.072736,,,,,,,0.073238,8.139026,8.157593,,,
190,0,0.884259,5.9e-05,32,34427,531.0,0.318788,0.323462,,,,,,,,,,,,0.074167,,,,,,,0.074706,2.854628,2.872461,,,
191,0,0.888889,5.7e-05,32,34412,529.0,0.373023,0.378069,,,,,,,,,,,,0.073509,,,,,,,0.073922,5.47529,5.497008,,,
192,0,0.893519,5.5e-05,32,34221,533.0,0.279719,0.284137,,,,,,,,,,,,0.066657,,,,,,,0.067082,4.276074,4.295684,,,
193,0,0.898148,5.2e-05,32,34486,532.0,0.273439,0.277603,,,,,,,,,,,,0.07769,,,,,,,0.078262,6.664827,6.682064,,,
194,0,0.902778,5e-05,32,34273,532.0,0.227445,0.230909,,,,,,,,,,,,0.072796,,,,,,,0.073314,7.370679,7.389829,,,
195,0,0.907407,4.8e-05,32,34305,534.0,0.284216,0.288865,,,,,,,,,,,,0.073128,,,,,,,0.073712,7.873318,7.895247,,,
196,0,0.912037,4.5e-05,32,34305,531.0,0.315732,0.320362,,,,,,,,,,,,0.053031,,,,,,,0.053537,7.601396,7.622325,,,
197,0,0.916667,4.3e-05,32,34368,532.0,0.309971,0.314692,,,,,,,,,,,,0.073909,,,,,,,0.074415,13.251857,13.270791,,,
198,0,0.921296,4.1e-05,32,34474,536.0,0.296852,0.302041,,,,,,,,,,,,0.075006,,,,,,,0.075506,8.083512,8.099867,,,
199,0,0.925926,3.9e-05,32,34321,533.0,0.319046,0.324086,,,,,,,,,,,,0.075263,,,,,,,0.075744,0.010301,0.022946,,,
200,0,0.930556,3.6e-05,32,34270,534.0,0.360194,0.366086,0.433546,0.43854,82.9,92.8,84.7,94.1,75.7,82.2,85.8,1272.0,0.0,0.071375,108.903985,2,54.451993,76.609847,32.294161,76.609893,108.976936,0.00024,31.380524,,31.356594,31.356619
201,0,0.935185,3.4e-05,32,34414,532.0,0.33623,0.341351,,,,,,,,,,,,0.064869,,,,,,,0.065254,0.000593,0.005976,,,
202,0,0.939815,3.2e-05,32,34364,532.0,0.267991,0.272072,,,,,,,,,,,,0.072757,,,,,,,0.073257,14.020151,14.039864,,,
203,0,0.944444,3e-05,32,34508,529.0,0.2996,0.303652,,,,,,,,,,,,0.047577,,,,,,,0.047948,14.569585,14.587075,,,
204,0,0.949074,2.7e-05,32,34245,533.0,0.289607,0.294181,,,,,,,,,,,,0.071176,,,,,,,0.071652,10.887441,10.90512,,,
205,0,0.953704,2.5e-05,32,34349,536.0,0.290517,0.295595,,,,,,,,,,,,0.076131,,,,,,,0.076662,23.757358,23.779441,,,
206,0,0.958333,2.3e-05,32,34395,537.0,0.286514,0.291682,,,,,,,,,,,,0.068657,,,,,,,0.069119,6.109299,6.131473,,,
207,0,0.962963,2e-05,32,34287,537.0,0.259228,0.263904,,,,,,,,,,,,0.074661,,,,,,,0.075162,9.075662,9.095275,,,
208,0,0.967593,1.8e-05,32,34165,533.0,0.278211,0.282605,,,,,,,,,,,,0.07244,,,,,,,0.072923,42.440671,42.460815,,,
209,0,0.972222,1.6e-05,32,34365,528.0,0.296926,0.300773,,,,,,,,,,,,0.076245,,,,,,,0.076795,3.576143,3.598232,,,
210,0,0.976852,1.4e-05,32,34358,533.0,0.279346,0.283758,,,,,,,,,,,,0.073059,,,,,,,0.073563,15.878821,15.899615,,,
211,0,0.981481,1.1e-05,32,34336,535.0,0.279543,0.284273,,,,,,,,,,,,0.07148,,,,,,,0.071996,23.75676,23.77933,,,
212,0,0.986111,9e-06,32,34328,528.0,0.306612,0.310583,,,,,,,,,,,,0.074397,,,,,,,0.074906,403.031447,403.048504,,,
213,0,0.990741,7e-06,32,34428,532.0,0.268019,0.272101,,,,,,,,,,,,0.074574,,,,,,,0.075074,10.642051,10.662363,,,
214,0,0.99537,5e-06,32,34356,536.0,0.304794,0.310122,,,,,,,,,,,,0.076228,,,,,,,0.076734,5.088869,5.110856,,,
215,0,1.0,2e-06,28,30064,465.0,0.28461,0.288852,,,,,,,,,,,,0.069413,,,,,,,0.069927,6.926464,6.942471,,,
